{
  "bikes": [
    {
      "id": 2,
      "date": "янв. 25, 2023",
      "type": "Горный велосипед",
      "model": "Salsa Mukluk",
      "price": 1800.34,
      "max_speed": 40.0
    },
    {
      "id": 3,
      "date": "мая 14, 2022",
      "type": "Горный велосипед",
      "model": "Cannondale TDR 12",
      "price": 2200.0,
      "max_speed": 35.0
    },
    {
      "id": 4,
      "date": "мар. 15, 2022",
      "type": "Горный велосипед",
      "model": "Trek Marlin 7",
      "price": 850.34,
      "max_speed": 45.0
    },
    {
      "id": 5,
      "date": "мая 10, 2023",
      "type": "Шоссейный велосипед",
      "model": "Giant TCR Advanced 1",
      "price": 2000.1,
      "max_speed": 60.0
    },
    {
      "id": 6,
      "date": "авг. 20, 2021",
      "type": "Шоссейный велосипед",
      "model": "Cannondale Quick 4",
      "price": 700.04,
      "max_speed": 35.0
    }
  ]
}